{
  "controller/EmployeeDetails-dbg.controller.js": 1710847644439,
  "controller/EmployeeDetails.controller.js": 1710847644439,
  "model/models.js": 1710745344402,
  "manifest.json": 1710918048026,
  "controller/App.controller.js": 1710745344402,
  "Component.js": 1710745344394,
  "Component-preload.js": 1710918048610,
  "controller/App-dbg.controller.js": 1710745344402,
  "i18n/i18n.properties": 1710745344398,
  "model/models-dbg.js": 1710745344402,
  "Component-dbg.js": 1710745344394,
  "view/EmployeeDetails.view.xml": 1710746130002,
  "view/App.view.xml": 1710745344406,
  "css/style.css": 1710745344406,
  "fragments/EmpEdit.fragment.xml": 1710747613113,
  "index.html": 1710745344394
}