{
  "view/App.view.xml": 1713959236857,
  "controller/Salary.controller.js": 1714466087356,
  "model/models.js": 1710745344402,
  "manifest.json": 1714724789852,
  "controller/Master.controller.js": 1714723944436,
  "controller/EmployeeDetails.controller.js": 1714724582279,
  "controller/EmpSalary.controller.js": 1714038932781,
  "controller/App.controller.js": 1710745344402,
  "Component.js": 1713961250223,
  "Component-preload.js": 1714724790249,
  "controller/EmpSalary-dbg.controller.js": 1714038932781,
  "controller/Salary-dbg.controller.js": 1714466087356,
  "controller/Master-dbg.controller.js": 1714723944436,
  "controller/EmployeeDetails-dbg.controller.js": 1714724582279,
  "model/models-dbg.js": 1710745344402,
  "controller/App-dbg.controller.js": 1710745344402,
  "Component-dbg.js": 1713961250223,
  "view/Salary.view.xml": 1714036740386,
  "view/Master.view.xml": 1714038639223,
  "view/EmployeeDetails.view.xml": 1714724607699,
  "view/EmpSalary.view.xml": 1714039697327,
  "i18n/i18n.properties": 1710745344398,
  "fragments/Validation.fragment.xml": 1714724028211,
  "fragments/Editnewemployee.fragment.xml": 1714021077004,
  "fragments/CreatenewEmp.fragment.xml": 1713965549283,
  "css/style.css": 1710745344406,
  "index.html": 1710745344394
}