{
  "controller/EmpSalary.controller.js": 1717490375245,
  "model/models.js": 1717490375245,
  "manifest.json": 1724845990370,
  "controller/Salary.controller.js": 1717490375245,
  "controller/Master.controller.js": 1723119420912,
  "controller/Loan.controller.js": 1717490375245,
  "controller/EmployeeDetails.controller.js": 1724303067167,
  "i18n/i18n.properties": 1717490375245,
  "controller/App.controller.js": 1717490375245,
  "Component.js": 1717490375245,
  "Component-preload.js": 1724845990512,
  "controller/EmpSalary-dbg.controller.js": 1717490375245,
  "controller/Salary-dbg.controller.js": 1717490375245,
  "controller/Master-dbg.controller.js": 1723119420912,
  "controller/Loan-dbg.controller.js": 1717490375245,
  "controller/EmployeeDetails-dbg.controller.js": 1724303067167,
  "model/models-dbg.js": 1717490375245,
  "controller/App-dbg.controller.js": 1717490375245,
  "Component-dbg.js": 1717490375245,
  "view/Salary.view.xml": 1717490375245,
  "view/Master.view.xml": 1723116916227,
  "view/Loan.view.xml": 1717490375245,
  "view/EmployeeDetails.view.xml": 1723632263984,
  "view/EmpSalary.view.xml": 1717490375245,
  "view/App.view.xml": 1717490375245,
  "fragments/Validation.fragment.xml": 1717490375245,
  "fragments/Table.fragment.xml": 1723119384531,
  "fragments/Editnewemployee.fragment.xml": 1717490375245,
  "fragments/CreatenewEmp.fragment.xml": 1717490375245,
  "css/style.css": 1717490375245,
  "index.html": 1717490375245
}