{
  "view/Loan.view.xml": 1717490375245,
  "Component.js": 1717490375245,
  "model/models.js": 1717490375245,
  "controller/Salary.controller.js": 1717490375245,
  "controller/Master.controller.js": 1717490375245,
  "controller/Loan.controller.js": 1717490375245,
  "controller/EmployeeDetails.controller.js": 1717490375245,
  "controller/EmpSalary.controller.js": 1717490375245,
  "controller/App.controller.js": 1717490375245,
  "manifest.json": 1722587053059,
  "Component-preload.js": 1722587053196,
  "Component-dbg.js": 1717490375245,
  "controller/Salary-dbg.controller.js": 1717490375245,
  "controller/Master-dbg.controller.js": 1717490375245,
  "controller/Loan-dbg.controller.js": 1717490375245,
  "controller/EmployeeDetails-dbg.controller.js": 1717490375245,
  "controller/EmpSalary-dbg.controller.js": 1717490375245,
  "controller/App-dbg.controller.js": 1717490375245,
  "model/models-dbg.js": 1717490375245,
  "view/Salary.view.xml": 1717490375245,
  "view/Master.view.xml": 1717490375245,
  "i18n/i18n.properties": 1717490375245,
  "view/EmployeeDetails.view.xml": 1718948646767,
  "view/EmpSalary.view.xml": 1717490375245,
  "view/App.view.xml": 1717490375245,
  "fragments/Validation.fragment.xml": 1717490375245,
  "fragments/Editnewemployee.fragment.xml": 1717490375245,
  "fragments/CreatenewEmp.fragment.xml": 1717490375245,
  "css/style.css": 1717490375245,
  "index.html": 1717490375245
}