{
  "ext/controller/Addemployee-dbg.js": 1736839750953,
  "ext/controller/Addemployee.js": 1736839750953,
  "manifest.json": 1737442478243,
  "Component.js": 1733730051692,
  "Component-dbg.js": 1733730051692,
  "Component.js.map": 1737442478386,
  "i18n/i18n.properties": 1733730051708,
  "ext/controller/Addemployee.js.map": 1737442478395,
  "Component-preload.js": 1737442478589,
  "Component-preload.js.map": 1737442478589,
  "ext/fragments/addemployee.fragment.xml": 1736836729584,
  "index.html": 1733730051692
}