{
  "model/models.js.map": 1716979172062,
  "manifest.json": 1716979171891,
  "controller/Master.controller.js": 1713958626175,
  "controller/App.controller.js": 1713958626167,
  "model/models.js": 1713958626163,
  "Component.js": 1713958626159,
  "model/models-dbg.js": 1713958626163,
  "i18n/i18n.properties": 1713958626163,
  "controller/App-dbg.controller.js": 1713958626167,
  "controller/App.controller.js.map": 1716979172074,
  "controller/Master-dbg.controller.js": 1713958626175,
  "controller/Master.controller.js.map": 1716979172061,
  "Component-dbg.js": 1713958626159,
  "Component.js.map": 1716979172080,
  "Component-preload.js": 1716979172306,
  "Component-preload.js.map": 1716979172306,
  "view/Master.view.xml": 1713958626171,
  "view/App.view.xml": 1713958626171,
  "css/style.css": 1713958626171,
  "index.html": 1713958626159
}