{
  "controller/App.controller.js": 1717490375241,
  "controller/Master.controller.js": 1717490375241,
  "model/models.js": 1717490375241,
  "i18n/i18n.properties": 1717490375241,
  "manifest.json": 1724137298830,
  "Component.js": 1717490375241,
  "controller/Master-dbg.controller.js": 1717490375241,
  "controller/Master.controller.js.map": 1724137299559,
  "model/models-dbg.js": 1717490375241,
  "model/models.js.map": 1724137299559,
  "controller/App-dbg.controller.js": 1717490375241,
  "controller/App.controller.js.map": 1724137299559,
  "Component-dbg.js": 1717490375241,
  "Component.js.map": 1724137299560,
  "Component-preload.js": 1724137302193,
  "Component-preload.js.map": 1724137302193,
  "view/Master.view.xml": 1717490375241,
  "view/App.view.xml": 1717490375241,
  "css/style.css": 1717490375241,
  "index.html": 1717490375241
}