{
  "css/style.css": 1733471691339,
  "manifest.json": 1736853147499,
  "controller/Master.controller.js": 1733471691339,
  "controller/App.controller.js": 1733471691339,
  "model/models.js": 1733471691339,
  "Component.js": 1733471691339,
  "controller/App-dbg.controller.js": 1733471691339,
  "controller/App.controller.js.map": 1736853147624,
  "controller/Master-dbg.controller.js": 1733471691339,
  "controller/Master.controller.js.map": 1736853147624,
  "model/models-dbg.js": 1733471691339,
  "model/models.js.map": 1736853147625,
  "Component-dbg.js": 1733471691339,
  "Component.js.map": 1736853147627,
  "Component-preload.js": 1736853147701,
  "Component-preload.js.map": 1736853147701,
  "view/Master.view.xml": 1733471691343,
  "view/App.view.xml": 1733471691343,
  "i18n/i18n.properties": 1733471691339,
  "index.html": 1733471691339
}