{
  "Component.js.map": 1737442474629,
  "Component.js": 1733471691339,
  "controller/Master.controller.js": 1733471691339,
  "controller/App.controller.js": 1733471691339,
  "manifest.json": 1737442474465,
  "model/models.js": 1733471691339,
  "controller/Master-dbg.controller.js": 1733471691339,
  "controller/Master.controller.js.map": 1737442474628,
  "Component-dbg.js": 1733471691339,
  "i18n/i18n.properties": 1733471691339,
  "controller/App-dbg.controller.js": 1733471691339,
  "controller/App.controller.js.map": 1737442474628,
  "model/models-dbg.js": 1733471691339,
  "model/models.js.map": 1737442474629,
  "Component-preload.js": 1737442474840,
  "Component-preload.js.map": 1737442474840,
  "view/Master.view.xml": 1733471691343,
  "view/App.view.xml": 1733471691343,
  "css/style.css": 1733471691339,
  "index.html": 1733471691339
}