{
  "manifest.json": 1714724796476,
  "controller/Master.controller.js": 1713958626175,
  "model/models.js": 1713958626163,
  "controller/App.controller.js": 1713958626167,
  "i18n/i18n.properties": 1713958626163,
  "Component.js": 1713958626159,
  "model/models-dbg.js": 1713958626163,
  "model/models.js.map": 1714724796809,
  "controller/Master-dbg.controller.js": 1713958626175,
  "controller/Master.controller.js.map": 1714724796811,
  "controller/App-dbg.controller.js": 1713958626167,
  "controller/App.controller.js.map": 1714724796811,
  "Component-dbg.js": 1713958626159,
  "Component.js.map": 1714724796813,
  "Component-preload.js": 1714724797115,
  "Component-preload.js.map": 1714724797115,
  "view/Master.view.xml": 1713958626171,
  "view/App.view.xml": 1713958626171,
  "css/style.css": 1713958626171,
  "index.html": 1713958626159
}