{
  "controller/App.controller.js": 1717490375241,
  "manifest.json": 1722587055708,
  "controller/Master.controller.js": 1717490375241,
  "i18n/i18n.properties": 1717490375241,
  "model/models.js": 1717490375241,
  "Component.js": 1717490375241,
  "controller/Master-dbg.controller.js": 1717490375241,
  "controller/Master.controller.js.map": 1722587055833,
  "controller/App-dbg.controller.js": 1717490375241,
  "controller/App.controller.js.map": 1722587055821,
  "model/models-dbg.js": 1717490375241,
  "model/models.js.map": 1722587055823,
  "Component-dbg.js": 1717490375241,
  "Component.js.map": 1722587055824,
  "Component-preload.js": 1722587055891,
  "Component-preload.js.map": 1722587055891,
  "view/Master.view.xml": 1717490375241,
  "view/App.view.xml": 1717490375241,
  "css/style.css": 1717490375241,
  "index.html": 1717490375241
}