{
  "view/App.view.xml": 1713959236857,
  "controller/App.controller.js": 1710745344402,
  "model/models.js": 1710745344402,
  "controller/Salary.controller.js": 1714027674569,
  "controller/Master.controller.js": 1714027602294,
  "controller/EmployeeDetails.controller.js": 1714021216142,
  "manifest.json": 1714030467911,
  "Component.js": 1713961250223,
  "Component-preload.js": 1714030468262,
  "controller/Master-dbg.controller.js": 1714027602294,
  "controller/Salary-dbg.controller.js": 1714027674569,
  "model/models-dbg.js": 1710745344402,
  "controller/EmployeeDetails-dbg.controller.js": 1714021216142,
  "controller/App-dbg.controller.js": 1710745344402,
  "Component-dbg.js": 1713961250223,
  "view/Salary.view.xml": 1714028890323,
  "view/Master.view.xml": 1714024448432,
  "view/EmployeeDetails.view.xml": 1713949228383,
  "i18n/i18n.properties": 1710745344398,
  "fragments/Editnewemployee.fragment.xml": 1714021077004,
  "fragments/CreatenewEmp.fragment.xml": 1713965549283,
  "css/style.css": 1710745344406,
  "index.html": 1710745344394
}