{
  "model/models-dbg.js": 1733471691347,
  "manifest.json": 1737442469979,
  "model/models.js": 1733471691347,
  "controller/Salary.controller.js": 1733471691347,
  "controller/Master.controller.js": 1733471691347,
  "controller/Loan.controller.js": 1733471691347,
  "controller/EmployeeDetails.controller.js": 1733471691347,
  "controller/EmpSalary.controller.js": 1733471691347,
  "controller/App.controller.js": 1733471691347,
  "Component.js": 1733471691347,
  "Component-preload.js": 1737442470332,
  "controller/App-dbg.controller.js": 1733471691347,
  "controller/Salary-dbg.controller.js": 1733471691347,
  "controller/Master-dbg.controller.js": 1733471691347,
  "controller/Loan-dbg.controller.js": 1733471691347,
  "controller/EmployeeDetails-dbg.controller.js": 1733471691347,
  "controller/EmpSalary-dbg.controller.js": 1733471691347,
  "i18n/i18n.properties": 1733471691347,
  "Component-dbg.js": 1733471691347,
  "view/Salary.view.xml": 1733471691347,
  "view/Master.view.xml": 1733471691347,
  "view/Loan.view.xml": 1733471691347,
  "view/EmployeeDetails.view.xml": 1733471691347,
  "view/EmpSalary.view.xml": 1733471691347,
  "view/App.view.xml": 1733471691347,
  "fragments/Validation.fragment.xml": 1733471691347,
  "fragments/Table.fragment.xml": 1733471691347,
  "fragments/Editnewemployee.fragment.xml": 1733471691347,
  "fragments/CreatenewEmp.fragment.xml": 1733471691347,
  "css/style.css": 1733471691347,
  "index.html": 1733471691347
}