{
  "fragments/CreatenewEmp.fragment.xml": 1713965549283,
  "controller/App.controller.js": 1715948077428,
  "model/models.js": 1710745344402,
  "controller/Salary.controller.js": 1714466087356,
  "controller/Master.controller.js": 1715847687822,
  "controller/Loan.controller.js": 1715847506827,
  "controller/EmployeeDetails.controller.js": 1716900239289,
  "controller/EmpSalary.controller.js": 1714038932781,
  "manifest.json": 1716979166395,
  "Component.js": 1713961250223,
  "Component-preload.js": 1716979166801,
  "model/models-dbg.js": 1710745344402,
  "controller/Salary-dbg.controller.js": 1714466087356,
  "controller/Master-dbg.controller.js": 1715847687822,
  "controller/Loan-dbg.controller.js": 1715847506827,
  "controller/EmployeeDetails-dbg.controller.js": 1716900239289,
  "controller/EmpSalary-dbg.controller.js": 1714038932781,
  "controller/App-dbg.controller.js": 1715948077428,
  "Component-dbg.js": 1713961250223,
  "view/Salary.view.xml": 1714036740386,
  "view/Master.view.xml": 1715946004211,
  "view/Loan.view.xml": 1716181217788,
  "view/EmployeeDetails.view.xml": 1715924991446,
  "view/EmpSalary.view.xml": 1714039697327,
  "view/App.view.xml": 1716899491488,
  "fragments/Validation.fragment.xml": 1714724028211,
  "fragments/Editnewemployee.fragment.xml": 1714021077004,
  "i18n/i18n.properties": 1715848034912,
  "css/style.css": 1710745344406,
  "index.html": 1710745344394
}