<core:FragmentDefinition
    xmlns="sap.m"
	xmlns:core="sap.ui.core"    
    xmlns:layout="sap.ui.layout"
    xmlns:f="sap.ui.layout.form">
<Dialog
		id="editEmpDialog"
		title="Edit The Emp Details"
	>
    <f:SimpleForm
                    id="SimpleFormChange480"
                    editable="true"
                    layout="ResponsiveGridLayout"
                    title="Please fill up all the fileds to edit the employee ."
                    labelSpanXL="4"
                    labelSpanL="4"
                    labelSpanM="4"
                    labelSpanS="12"
                    adjustLabelSpan="false"
                    emptySpanXL="0"
                    emptySpanL="0"
                    emptySpanM="0"
                    emptySpanS="0"
                    columnsXL="3"
                    columnsL="2"
                    columnsM="2"
                    singleContainerFullSize="false"
                >
                    <f:content>
                        <core:Title text="" />
                        <Label
                            text="ID "
                            required="true"
                        />
                        <!-- <ToolbarSpacer width="10px" /> -->
                        <Input
                            editable="true"
                            value="{empData>/ID}"
                        />
                        <Label
                            text="First Name "
                            required="true"
                        />
                        <!-- <ToolbarSpacer width="10px" /> -->
                        <Input
                            editable="true"
                            value="{empData>/f_name}"
                        />
                        <Label
                            text="Last Name "
                            required="true"
                        />
                        <Input
                            editable="true"
                            value="{empData>/l_name}"
                        />
                        <Label
                            text="Department "
                            required="true"
                        />
                        <Input
                            editable="true"
                            value="{empData>/dept}"
                        />
                        <Label
                            text="Email "
                            required="true"
                        />
                        <Input
                            editable="true"
                            value="{empData>/email}"
                        />
                        <Label
                            text="Position "
                            required="true"
                        />
                        <Input
                            editable="true"
                            value="{empData>/position}"
                        />
                        <Label
                            text="Mob No "
                            required="true"
                        />
                        <Input
                            editable="true"
                            value="{empData>/mob_no}"
                        />
                        
                    </f:content>
                </f:SimpleForm>
		<beginButton>
            <Button
				text="Yes"
				press=".onEditEmpDetails"
			/>
		</beginButton>
        <endButton>
			<Button
				text="No"
				press=".onCloseEditDialog"
			/></endButton>
	</Dialog>
</core:FragmentDefinition>