<core:FragmentDefinition
	xmlns="sap.m"
	xmlns:core="sap.ui.core"    
    xmlns:layout="sap.ui.layout"
    xmlns:f="sap.ui.layout.form"
>
	<Dialog
		id="editDialog"
		title="Edit The Emp Details" width="550px"
	>
    <f:SimpleForm
                    id="SimpleFormChange480_Trial"
                    editable="true"
                    layout="ResponsiveGridLayout"
                    title="Crate a New Employee"
                    labelSpanXL="4"
                    labelSpanL="4"
                    labelSpanM="4"
                    labelSpanS="12"
                    adjustLabelSpan="false"
                    emptySpanXL="0"
                    emptySpanL="0"
                    emptySpanM="0"
                    emptySpanS="0"
                    columnsXL="3"
                    columnsL="2"
                    columnsM="2"
                    singleContainerFullSize="false"
                >
                    <f:content>
                        <core:Title text="" />
                        <Label
                            text="ID "
                            required="true"
                        />
                        <!-- <ToolbarSpacer width="10px" /> -->
                        <Input
                            id="id"
                            editable="true"
                            value="{empData>/ID}"
                        />
                        <Label
                            text="First Name "
                            required="true"
                        />
                        <!-- <ToolbarSpacer width="10px" /> -->
                        <Input
                            id="fnameid"
                            editable="true"
                            value="{empData>/f_name}"
                        />
                        <Label
                            text="Last Name "
                            required="true"
                        />
                        <Input
                            id="lastnameid"
                            editable="true"
                            value="{empData>/l_name}"
                        />
                        <Label
                            text="Department "
                            required="true"
                        />
                        <Input
                            id="deptid"
                            editable="true"
                            value="{empData>/dept}"
                        />
                        
                    </f:content>
                </f:SimpleForm>
		<beginButton>
            <Button
				text="Submit"
				press=".onPressSubmitButton"
			/>
		</beginButton>
        <endButton>
			<Button
				text="Close"
				press=".onCloseDialog"
			/></endButton>
	</Dialog>
</core:FragmentDefinition>