<core:FragmentDefinition
    xmlns="sap.m"
	xmlns:core="sap.ui.core"    
    xmlns:layout="sap.ui.layout"
    xmlns:f="sap.ui.layout.form">
<Dialog
		id="tableEmpDialog"
		title="Table"
	>
    <SearchField showRefreshButton="true" showSearchButton="true" search="onSearch"></SearchField>
    <Table id="idProductsTable"
               sticky="HeaderToolbar,ColumnHeaders"
               inset="false"
               items="{odataService>/Employees}"
               class="sapFDynamicPageAlignContent"
               width="auto"> 
            <columns>
                <Column>
                    <Text text="ID" />
                </Column>
                <Column>
                    <Text text="F Name" /> 
                </Column>
                <Column>
                    <Text text="L Name" />
                </Column>
            </columns>
            <items> 
                <ColumnListItem type="Active" press="Fclayout">   
                    <cells>   
                        <Text text="{odataService>ID}" />
                        <Text text="{odataService>f_name}" class="statuscss"/> 
                        <Text text="{odataService>l_name}" />   
                    </cells>
                </ColumnListItem>
            </items>
        </Table>
		
        <endButton>
			<Button
				text="No"
				press=".onCloseEditDialog"
			/></endButton>
	</Dialog>
</core:FragmentDefinition>