{
  "ext/controller/Addemployee.js.map": 1736853149998,
  "manifest.json": 1736853149887,
  "ext/controller/Addemployee.js": 1736839750953,
  "Component.js": 1733730051692,
  "Component-dbg.js": 1733730051692,
  "Component.js.map": 1736853149984,
  "ext/controller/Addemployee-dbg.js": 1736839750953,
  "i18n/i18n.properties": 1733730051708,
  "Component-preload.js": 1736853150066,
  "Component-preload.js.map": 1736853150066,
  "ext/fragments/addemployee.fragment.xml": 1736836729584,
  "index.html": 1733730051692
}